Cidades,Geocode
belém,1501402.0
boa vista,1400100.0
parauapebas,1505536.0
cruzeiro do sul,1200203.0
bonito,1501600.0
manaus,1302603.0
altamira,1500602.0
itaituba,1503606.0
ji-paraná,1100122.0
marabá,1504208.0
macapá,1600303.0
palmas,1721000.0
porto velho,1100205.0
rio branco,1200401.0
santarém,1506807.0
oriximiná,1505304.0
tefé,1304203.0
vilhena,1100304.0
cacoal,1100049.0
araguaína,1702109.0
lábrea,1302405.0
parintins,1303403.0
